"campus","subject","students","pct"
"A Dy Patil University","Logical Reasoning and Analytical Skills","335","52.6"
"A Dy Patil University","Design and Analysis of Algorithms","335","53"
"A Dy Patil University","Probability and Statistics","335","54"
"A Dy Patil University","AI For Finanace","335","54"
"A Dy Patil University","Operating Systems","335","54.4"
"A Dy Patil University","Back End Development","335","55.6"
"A Dy Patil University","Advanced Communication Skills","335","56.6"
"A Dy Patil University","Physics","285","58.9"
"A Dy Patil University","Communicative English Foundation","285","69.1"
"A Dy Patil University","Web Application Development","285","74.6"
"A Dy Patil University","Quantitative Aptitude","285","76.2"
"A Dy Patil University","Intro To NIAT","270","80"
"A Dy Patil University","Computer Programming","285","83.1"
"A Dy Patil University","Mathematics for Computer Science","282","85.4"
"A Dy Patil University","Introduction to Generative AI","284","85.5"
"AMET","Mathematics for Computer Science","213","0"
"AMET","Communicative English Foundation","213","0"
"AMET","Computer Programming","213","0"
"AMET","Introduction to Generative AI","213","2"
"AMET","Quantitative Aptitude","212","2.5"
"AMET","Web Application Development","213","2.6"
"AMET","Logical Reasoning and Analytical Skills","124","7.3"
"AMET","Probability and Statistics","124","19.5"
"AMET","Back End Development","124","19.6"
"AMET","Design and Analysis of Algorithms","124","28.1"
"AMET","AI For Finanace","124","46.3"
"AMET","Advanced Communications Skills","124","50.4"
"Alard University","Introduction to Generative AI","346","49.7"
"Alard University","Intro To NIAT","340","50.4"
"Alard University","Mathematics for Computer Science","345","59.8"
"Alard University","Quantitative Aptitude","345","61.3"
"Alard University","Computer Programming","346","66.5"
"Alard University","Communicative English Foundation","346","66.8"
"Alard University","Web Application Development","346","73"
"Annamacharya University","Intro To NIAT","222","42.2"
"Annamacharya University","Back End Development","138","54.1"
"Annamacharya University","AI For Finanace","138","72.1"
"Annamacharya University","Design and Analysis of Algorithms","138","75.2"
"Annamacharya University","Communicative English Foundation","268","76.7"
"Annamacharya University","Logical Reasoning and Analytical Skills","138","76.8"
"Annamacharya University","Advanced Communication Skills","138","78.6"
"Annamacharya University","Probability and Statistics","138","78.8"
"Annamacharya University","Quantitative Aptitude","260","80.1"
"Annamacharya University","Web Application Development 1","268","80.4"
"Annamacharya University","Computer Programming","268","84.9"
"Annamacharya University","Introduction to Generative AI","268","85"
"Annamacharya University","Mathematics For CSE","268","85.4"
"Aurora University","Data Science Foundations Quizzes","578","7.4"
"Aurora University","Advanced DBMS Quizzes","1432","8.7"
"Aurora University","Probability and Statistics Quizzes","1432","11.8"
"Aurora University","English Language Proficiency - B2","1432","11.9"
"Aurora University","Foundations of Data Science","578","11.9"
"Aurora University","Probability Theory and Statistical Analysis","1432","12"
"Aurora University","Aptitude","1432","13.1"
"Aurora University","Advanced Database Management Systems","1432","13.2"
"Aurora University","Data Structures Using C++","1432","13.2"
"Aurora University","Fundamentals of Artificial Intelligence","854","13.4"
"Aurora University","Fundamentals of Artificial Intelligence Quizzes","854","13.8"
"BEST University","Mathematics for Computer Science","35","0"
"BEST University","Computer Programming","35","50"
"BEST University","Intro To NIAT","35","86.7"
"BEST University","Web Application Development 1","35","100"
"BEST University","Quantitative Aptitude","35","100"
"BEST University","Introduction to Generative AI","35","100"
"BEST University","Communicative English Foundation","35","100"
"Chaitanya Deemed-to-be University","Advanced Communication Skills","1297","53.3"
"Chaitanya Deemed-to-be University","Intro To NIAT","393","57.6"
"Chaitanya Deemed-to-be University","Probability and Statistics","1300","64.9"
"Chaitanya Deemed-to-be University","AI For Finance","1338","65.3"
"Chaitanya Deemed-to-be University","Back End Development","1339","65.5"
"Chaitanya Deemed-to-be University","Logical Reasoning and Analytical Skills","1346","66.8"
"Chaitanya Deemed-to-be University","Design and Analysis of Algorithms","1350","66.9"
"Chaitanya Deemed-to-be University","Communicative English Foundation","394","73.7"
"Chaitanya Deemed-to-be University","Quantitative Aptitude","394","75.4"
"Chaitanya Deemed-to-be University","Mathematics for Computer Science","394","76.8"
"Chaitanya Deemed-to-be University","Introduction to Generative AI","394","80.4"
"Chaitanya Deemed-to-be University","Web Application Development","394","82.1"
"Chaitanya Deemed-to-be University","Computer Programming","394","88.3"
"Chalapathy (CITY)","Advanced Communication Skills","200","41"
"Chalapathy (CITY)","Back End Development","200","45.5"
"Chalapathy (CITY)","Design and Analysis of Algorithms","200","47.7"
"Chalapathy (CITY)","Logical Reasoning and Analytical Skills","200","48.6"
"Chalapathy (CITY)","Probability and Statistics","200","56.3"
"Chalapathy (CITY)","AI For Finanace","200","60"
"Crescent University","Communicative English Foundation","180","0"
"Crescent University","Web Application Development - 1","180","5.5"
"Crescent University","Programming Foundations","180","26.6"
"Crescent University","Mathematics for CSE","180","53.7"
"Crescent University","Probability and Statistics","187","63"
"Crescent University","Data Structures- II","187","67.9"
"Crescent University","Applied Communicative English","187","70.7"
"Crescent University","Numerical Ability and Reasoning Skills for Engineers","187","74"
"Crescent University","Full Stack Back-end Development","187","74.5"
"GMRIT","Intro To NIAT","103","0"
"GMRIT","Computer Programming","111","37.5"
"GMRIT","Maths for CSE","111","42.3"
"GMRIT","Web Application Development","111","43.4"
"GMRIT","English","111","44.3"
"GMRIT","Quantitative Aptitude","111","52.6"
"GMRIT","GEN AI","111","58"
"GMRIT","Engineering Physics","111","60.6"
"Geeta University","Intro To NIAT","48","0"
"Geeta University","Introduction to Generative AI","49","44.1"
"Geeta University","Web Application Development","49","56.2"
"Geeta University","Quantitative Aptitude","49","59.1"
"Geeta University","Computer Programming","49","59.4"
"Geeta University","Communicative English Foundation","49","59.5"
"Geeta University","Mathematics for Computer Science","49","59.8"
"Joy University","Web Application Development - I","460","23.2"
"Joy University","Applied Physics","460","24.8"
"Joy University","Mathematics for Computer Science","460","26"
"Joy University","Computer Programming","460","35.1"
"Joy University","Intro To NIAT","450","43.3"
"Joy University","Quantitative Aptitude","453","58.2"
"Joy University","Introduction to Artificial Intelligence Tools","460","72"
"Joy University","Communicative English Foundation","453","72.2"
"LIMAT","Intro To NIAT","60","77.3"
"Lingaya's Vidyapeeth","Mathematics for Computer Science","38","4.5"
"Lingaya's Vidyapeeth","Intro To NIAT","38","5.8"
"Lingaya's Vidyapeeth","Quantitative Aptitude","38","6.1"
"Lingaya's Vidyapeeth","Communicative English Foundation","38","6.1"
"Malla Reddy University","Intro To NIAT","8","0"
"Malla Reddy University","Communication Skills & Strategies","808","33.9"
"Malla Reddy University","Web Programming & UI Design","814","41.6"
"Malla Reddy University","Mathematics for Computer Science","801","43.1"
"Malla Reddy University","Programming for Problem Solving","814","49.3"
"Malla Reddy University","Generative AI Systems","811","53.9"
"Malla Reddy University","Quantitative Aptitude","810","57.3"
"Malla Reddy Vishwavidyapeeth","AI For Finanace","467","8"
"Malla Reddy Vishwavidyapeeth","Digital Electronics","442","27.6"
"Malla Reddy Vishwavidyapeeth","Advanced Communication Skills","467","29"
"Malla Reddy Vishwavidyapeeth","Back End Development","467","32.1"
"Malla Reddy Vishwavidyapeeth","Design and Analysis of Algorithms","467","36.2"
"Malla Reddy Vishwavidyapeeth","Logical Reasoning and Analytical Skills","467","38.9"
"Malla Reddy Vishwavidyapeeth","Probability and Statistics","467","40.2"
"NIAT Chevella","Applied Communicative Skills","224","15"
"NIAT Chevella","Logical Reasoning","224","17.8"
"NIAT Chevella","Back End Development","224","21.5"
"NIAT Chevella","Probability and Statistics","224","21.7"
"NIAT Chevella","Design and Analysis of Algorithms","224","22.1"
"NIAT Chevella","AI For Finanace","224","22.2"
"NRI","Intro To Gen AI","338","0"
"NRI","Quantitive aptitude","338","0"
"NRI","Communicative English","338","0"
"NRI","Computer Programming","338","0"
"NRI","Web Aplication Development","338","0"
"NRI","Intro To NIAT","0","0"
"NRI","Back End Development","245","25.5"
"NRI","AI For Finanace","245","31.7"
"NRI","Probability and Statistics","245","31.8"
"NRI","Design and Analysis of Algorithms","245","32.2"
"NRI","Maths for CSE","338","33"
"NRI","Logical Reasoning and Analytical Skills","245","33.3"
"NRI","Advanced Communication Skills","245","55.1"
"NRI","Quantum Physics","245","72.7"
"NSRIT University","Intro To NIAT","121","0"
"NSRIT University","Maths for CSE","126","14.9"
"NSRIT University","English","126","25.4"
"NSRIT University","Design and Analysis of Algorithms","80","34.4"
"NSRIT University","Advanced Communication Skills","80","36.3"
"NSRIT University","Web Application Development","126","37"
"NSRIT University","GEN AI","126","37.3"
"NSRIT University","Computer Programming","126","39.6"
"NSRIT University","Logical Reasoning and Analytical Skills","80","48.1"
"NSRIT University","Probability and Statistics","80","52.1"
"NSRIT University","Back End Development","80","67"
"NSRIT University","AI For Finanace","80","68.8"
"Noida International University","Advanced Communication Skills","322","27.6"
"Noida International University","Logical Reasoning and Analytical Skills","322","29.4"
"Noida International University","AI For Finanace","322","30.8"
"Noida International University","Design and Analysis of Algorithms","322","36.3"
"Noida International University","Back End Development","322","36.9"
"Noida International University","Probability and Statistics","322","39"
"S-VYASA","Intro To NIAT","0","0"
"S-VYASA","Communicative English Foundation","242","19.8"
"S-VYASA","Logical Reasoning","185","24.7"
"S-VYASA","Applied Commmunication English","185","28.6"
"S-VYASA","Backend Development","185","34.7"
"S-VYASA","Quantitative Aptitude","250","37.3"
"S-VYASA","AI For Finanace","185","40"
"S-VYASA","Fundamental of Probability and Statistics","185","40.3"
"S-VYASA","Mathematics for Computer Science","250","45.8"
"S-VYASA","Core Data Structure and Intermediate Algorithms","185","46.5"
"S-VYASA","Computer Programming","250","56.2"
"S-VYASA","Introduction to Generative AI","249","56.9"
"S-VYASA","Web Application Development","250","59.3"
"SCOPE GLOBAL SKILLS UNIVERSITY","Intro To NIAT","101","0"
"SMR University","Intro To NIAT","208","0"
"SMR University","Quantitative Aptitude","462","28.8"
"SMR University","Computer Programming","462","29"
"SMR University","Web Application Development","462","29.6"
"SMR University","Introduction to Generative AI","462","30.2"
"SMR University","Communicative English Foundation","461","32.4"
"SMR University","Mathematics for Computer Science","458","32.9"
"SPIHER University Bengaluru","Intro To NIAT","418","36.7"
"SPIHER University Chennai","Web Application Development - I","84","22"
"SPIHER University Chennai","Computer Programming","84","26.2"
"SPIHER University Chennai","Mathematics for Computer Science","84","28.9"
"SPIHER University Chennai","Communicative English Foundation","83","33.3"
"SPIHER University Chennai","Quantitative Aptitude","84","39.1"
"SPIHER University Chennai","Introduction to Artificial Intelligence Tools","84","48.7"
"SPIHER University Chennai","Intro To NIAT","80","92.8"
"Sandip University","Intro To NIAT","164","15.7"
"Sandip University","Computer Programming","185","69.1"
"Sandip University","Mathematics for Computer Science","185","69.8"
"Sandip University","Communicative English Foundation","185","71.7"
"Sandip University","Web Application Development","185","77.6"
"Sandip University","Quantitative Aptitude","185","79.4"
"Sandip University","Introduction to Generative AI","185","79.6"
"Sanjay Ghodawat University","Intro To NIAT","374","0"
"Sanjay Ghodawat University","Quantitative Aptitude","455","10.1"
"Sanjay Ghodawat University","Computer Programming","455","11.7"
"Sanjay Ghodawat University","Communicative English Foundation","455","13.9"
"Sanjay Ghodawat University","Introduction to Generative AI","455","15.3"
"Sanjay Ghodawat University","Mathematics for Computer Science","454","15.8"
"Sanjay Ghodawat University","Web Application Development","455","16.4"
"Sanjay Ghodawat University","Advanced Communication Skills","433","30.1"
"Sanjay Ghodawat University","AI For Finanace","432","34"
"Sanjay Ghodawat University","Probability and Statistics","433","35.8"
"Sanjay Ghodawat University","Back End Development","433","37.1"
"Sanjay Ghodawat University","Design and Analysis of Algorithms","433","39.8"
"Sanjay Ghodawat University","Logical Reasoning and Analytical Skills","433","47.1"
"Sri Sri University","Intro To NIAT","55","15.6"
"Sri Sri University","Quantitative Aptitude","56","76.7"
"Sri Sri University","GEN AI","56","77.3"
"Sri Sri University","Web Application Development","56","83.2"
"Sri Sri University","Computer Programming","56","83.5"
"Sri Sri University","Maths for CSE","56","90.3"
"Sri Sri University","English","56","90.7"
"Subharti University","Introduction to Generative AI","88","51.6"
"Subharti University","Computer Programming","88","63.3"
"Subharti University","Mathematics for Computer Science","88","68.5"
"Subharti University","Communicative English Foundation","88","68.8"
"Subharti University","Web Application Development","88","69.7"
"Subharti University","Quantitative Aptitude","88","76.1"
"Subharti University","Intro To NIAT","86","78.2"
"Sushant University","Computer Programming","106","78.8"
"Sushant University","Quantitative Aptitude","107","87"
"Sushant University","Introduction to Generative AI","106","87.1"
"Sushant University","Communicative English Foundation","107","89.4"
"Sushant University","Web Application Development","106","92.4"
"Sushant University","Mathematics for Computer Science","107","93.4"
"Sushant University","Intro To NIAT","101","94.5"
"Takshasila University","Data Structures and its Applications","290","67.5"
"Takshasila University","Applied Emmunicative English","290","71.1"
"Takshasila University","Probability and Statistics","290","72"
"Takshasila University","Logical Reasoning","290","74.5"
"Takshasila University","Introduction to Finance","290","75.5"
"Takshasila University","Backend Development","290","76.8"
"Vivekananda global University","Applied Communicative English","442","37.3"
"Vivekananda global University","Probability and Statistics","442","44.8"
"Vivekananda global University","Back End Development","442","45.4"
"Vivekananda global University","Operating Systems Principles","442","45.8"
"Vivekananda global University","Logical Reasoning","442","45.9"
"Vivekananda global University","Advanced Data Structures","442","47.6"
"Vivekananda global University","Introduction to Generative AI","296","74"
"Vivekananda global University","Mathematics for Computer Science","299","76.2"
"Vivekananda global University","Quantitative Aptitude","298","76.6"
"Vivekananda global University","Web Application Development","298","77.1"
"Vivekananda global University","Computer Programming","298","78"
"Vivekananda global University","Communicative English Foundation","298","78.5"
"Vivekananda global University","Intro To NIAT","283","87.6"
"Yenapoya University","Advanced Communication Skills","206","32.7"
"Yenapoya University","Logical Reasoning and Analytical Skills","205","34"
"Yenapoya University","Back End Development","205","48.8"
"Yenapoya University","Maths for CSE","220","49"
"Yenapoya University","Probability and Statistics","205","50"
"Yenapoya University","English","222","50.6"
"Yenapoya University","Quantitative Aptitude","220","58.4"
"Yenapoya University","AI For Finanace","206","59.7"
"Yenapoya University","Web Application Development","223","60.8"
"Yenapoya University","Computer Programming","222","63"
"Yenapoya University","GEN AI","220","69.8"
"Yenapoya University","Design and Analysis of Algorithms","206","69.9"
"Yenapoya University Banglore","Intro To NIAT","0","0"
"Yenapoya University Banglore","English","566","12.2"
"Yenapoya University Banglore","Web Application Development","566","16.3"
"Yenapoya University Banglore","Quantitative Aptitude","566","16.8"
"Yenapoya University Banglore","Computer Programming","566","17.3"
"Yenapoya University Banglore","GEN AI","566","18.8"
"Yenapoya University Banglore","Maths for CSE","566","20.2"
