"sessionTitle","date","studentCount","presentCount","totalCount","pct"
"Asteroid Collision","2026-08-22","256","68","256","26.6"
"Balanced Parenthesis","2026-08-22","60","27","60","45"
"Largest Rectangle In Histogram","2026-08-22","479","114","479","23.8"
"MCQ Practice","2026-08-22","1031","215","1125","19.1"
"Asteroid Collision","2026-08-20","629","462","629","73.4"
"Balanced Parenthesis","2026-08-20","60","32","60","53.3"
"Largest Rectangle In Histogram","2026-08-20","334","213","334","63.8"
"MCQ Practice","2026-08-20","1279","853","1459","58.5"
"Asteroid Collision","2026-08-19","120","39","120","32.5"
"Balanced Parenthesis","2026-08-19","648","409","648","63.1"
"Implement Min Stack","2026-08-19","171","108","171","63.2"
"Largest Rectangle In Histogram","2026-08-19","156","101","156","64.7"
"MCQ Practice","2026-08-19","1203","815","1380","59.1"
"Balanced Parenthesis","2026-08-18","231","150","231","64.9"
"Implement Min Stack","2026-08-18","244","205","244","84"
"Infix, Prefix, and Postfix Notations","2026-08-18","60","42","60","70"
"Stack Implementation Using Array","2026-08-18","94","64","94","68.1"
"Asteroid Collision","2026-08-14","58","46","58","79.3"
"Balanced Parenthesis","2026-08-14","124","98","124","79"
"Implement Min Stack","2026-08-14","295","188","295","63.7"
"Asteroid Collision","2026-08-13","156","133","156","85.3"
"Balanced Parenthesis","2026-08-13","205","174","205","84.9"
"Implement Min Stack","2026-08-13","70","62","70","88.6"
"Infix, Prefix, and Postfix Notations","2026-08-13","60","41","60","68.3"
"Balanced Parenthesis","2026-08-08","156","62","156","39.7"
"Implement Min Stack","2026-08-08","447","203","447","45.4"
"Infix, Prefix, and Postfix Notations","2026-08-08","60","34","60","56.7"
"Introduction to Monotonic Stacks","2026-08-08","60","31","60","51.7"
"MCQ Practice","2026-08-08","908","386","908","42.5"
"MCQ Practice | Largest Subarray Sum","2026-08-08","47","15","47","31.9"
"MCQ Practice | Longest Subarray with Sum K","2026-08-08","556","253","556","45.5"
"Implement Min Stack","2026-08-04","398","308","398","77.4"
"Infix, Prefix, and Postfix Notations","2026-08-04","701","536","701","76.5"
"Introduction to Monotonic Stacks","2026-08-04","60","43","60","71.7"
"MCQ Practice","2026-08-04","851","726","945","76.8"
"Stack Implementation Using Linked List","2026-08-04","60","51","60","85"
"Implement Min Stack","2026-08-03","60","38","60","63.3"
"Infix, Prefix, and Postfix Notations","2026-08-03","832","625","832","75.1"
"Introduction to Monotonic Stacks","2026-08-03","327","205","327","62.7"
"MCQ Practice","2026-08-03","449","325","449","72.4"
"Stack Implementation Using Array","2026-08-03","60","36","60","60"
"Infix, Prefix, and Postfix Notations","2026-08-01","60","41","60","68.3"
"Introduction of Stack","2026-08-01","60","42","60","70"
"Introduction to Monotonic Stacks","2026-08-01","895","630","895","70.4"
"MCQ Practice","2026-08-01","1006","787","1204","65.4"
"Stack Implementation Using Linked List","2026-08-01","39","16","39","41"
"Introduction of Stack","2026-07-31","60","44","60","73.3"
"Introduction to Monotonic Stacks","2026-07-31","891","688","891","77.2"
"MCQ Practice","2026-07-31","930","640","1006","63.6"
"Stack Implementation Using Linked List","2026-07-31","161","95","161","59"
"Flatten a Linked List","2026-07-30","60","47","60","78.3"
"Introduction to Monotonic Stacks","2026-07-30","422","347","422","82.2"
"MCQ Practice","2026-07-30","1077","820","1141","71.9"
"Module Quiz-2","2026-07-30","1219","882","1219","72.4"
"Stack Implementation Using Array","2026-07-30","62","44","62","71"
"Stack Implementation Using Linked List","2026-07-30","568","440","568","77.5"
"Introduction to Monotonic Stacks","2026-07-29","167","106","167","63.5"
"MCQ Practice","2026-07-29","742","564","804","70.1"
"Stack Implementation Using Array","2026-07-29","471","365","471","77.5"
"Stack Implementation Using Linked List","2026-07-29","459","329","459","71.7"
"Flatten a Linked List","2026-07-28","62","47","62","75.8"
"Introduction of Stack","2026-07-28","529","420","529","79.4"
"MCQ Practice","2026-07-28","1090","1038","1392","74.6"
"MCQ Practice | Longest Subarray with Sum K","2026-07-28","60","43","60","71.7"
"Stack Implementation Using Array","2026-07-28","422","333","422","78.9"
"Stack Implementation Using Linked List","2026-07-28","167","99","167","59.3"
"Flatten a Linked List","2026-07-27","529","414","529","78.3"
"Introduction of Stack","2026-07-27","523","401","523","76.7"
"MCQ Practice","2026-07-27","867","683","927","73.7"
"Stack Implementation Using Array","2026-07-27","99","53","99","53.5"
"Flatten a Linked List","2026-07-23","278","208","278","74.8"
"Intersection Of Two Linked Lists","2026-07-23","591","456","591","77.2"
"Introduction of Stack","2026-07-23","60","32","60","53.3"
"MCQ Practice","2026-07-23","1101","1154","1419","81.3"
"Stack Implementation Using Array","2026-07-23","60","38","60","63.3"
"Flatten a Linked List","2026-07-22","183","140","183","76.5"
"Intersection Of Two Linked Lists","2026-07-22","594","487","594","82"
"Introduction of Stack","2026-07-22","107","73","107","68.2"
"MCQ Practice","2026-07-22","1048","1009","1232","81.9"
"Merge Two Sorted Linked List","2026-07-22","164","145","164","88.4"
"Adding Two Numbers","2026-07-21","70","59","70","84.3"
"Flatten a Linked List","2026-07-21","167","91","167","54.5"
"Intersection Of Two Linked Lists","2026-07-21","144","131","144","91"
"MCQ Practice","2026-07-21","1157","1025","1384","74.1"
"Merge Two Sorted Linked List","2026-07-21","765","614","765","80.3"
"Adding Two Numbers","2026-07-20","663","533","663","80.4"
"Intersection Of Two Linked Lists","2026-07-20","206","112","206","54.4"
"Length of Cycle In Linked List","2026-07-20","70","51","70","72.9"
"MCQ Practice","2026-07-20","1078","1049","1418","74"
"MCQ Practice | Largest Subarray Sum","2026-07-20","47","30","47","63.8"
"MCQ Practice | Two Sum","2026-07-20","144","95","144","66"
"Merge Two Sorted Linked List","2026-07-20","144","107","144","74.3"
"Adding Two Numbers","2026-07-18","340","202","340","59.4"
"Cycle Detection In Linked List","2026-07-18","70","42","70","60"
"Intersection Of Two Linked Lists","2026-07-18","146","61","146","41.8"
"Length of Cycle In Linked List","2026-07-18","394","255","394","64.7"
"MCQ Practice","2026-07-18","1120","862","1310","65.8"
"MCQ Practice | Largest Subarray Sum","2026-07-18","242","163","242","67.4"
"MCQ Practice | Longest Subarray with Sum K","2026-07-18","60","48","60","80"
"MCQ Practice | Two Sum","2026-07-18","256","163","256","63.7"
"Circular Linked List","2026-07-17","70","51","70","72.9"
"Cycle Detection In Linked List","2026-07-17","60","52","60","86.7"
"Length of Cycle In Linked List","2026-07-17","669","534","669","79.8"
"MCQ Practice","2026-07-17","988","784","1082","72.5"
"MCQ Practice | Largest Subarray Sum","2026-07-17","76","63","76","82.9"
"Merge Two Sorted Linked List","2026-07-17","206","106","206","51.5"
"Reversing a Linked List","2026-07-17","274","179","274","65.3"
"Cycle Detection In Linked List","2026-07-16","556","445","556","80"
"Deletion in Doubly Linked List","2026-07-16","64","48","64","75"
"MCQ Practice","2026-07-16","1185","938","1232","76.1"
"MCQ Practice | Largest Subarray Sum","2026-07-16","60","45","60","75"
"MCQ Practice | Two Sum","2026-07-16","60","49","60","81.7"
"Reversing a Linked List","2026-07-16","130","101","130","77.7"
"Adding Two Numbers","2026-07-15","159","95","159","59.7"
"Circular Linked List","2026-07-15","130","110","130","84.6"
"Cycle Detection In Linked List","2026-07-15","205","182","205","88.8"
"Length of Cycle In Linked List","2026-07-15","120","100","120","83.3"
"MCQ Practice","2026-07-15","1027","815","1027","79.4"
"Reversing a Linked List","2026-07-15","384","296","384","77.1"
"Circular Linked List","2026-07-14","250","206","250","82.4"
"Cycle Detection In Linked List","2026-07-14","120","98","120","81.7"
"Length of Cycle In Linked List","2026-07-14","206","108","206","52.4"
"MCQ Practice","2026-07-14","921","849","1045","81.2"
"MCQ Practice | Largest Subarray Sum","2026-07-14","39","15","39","38.5"
"MCQ Practice | Two Sum","2026-07-14","204","170","204","83.3"
"Reversing a Linked List","2026-07-14","303","263","303","86.8"
"Two Sum","2026-07-14","64","54","64","84.4"
"Circular Linked List","2026-07-13","505","403","505","79.8"
"Deletion in Doubly Linked List","2026-07-13","62","51","62","82.3"
"MCQ Practice","2026-07-13","1135","885","1197","73.9"
"Reversing a Linked List","2026-07-13","256","181","256","70.7"
"Circular Linked List","2026-07-11","374","207","374","55.3"
"Cycle Detection In Linked List","2026-07-11","86","20","86","23.3"
"Deletion in Doubly Linked List","2026-07-11","70","48","70","68.6"
"MCQ Practice","2026-07-11","594","356","594","59.9"
"Circular Linked List","2026-07-09","703","434","703","61.7"
"Cycle Detection In Linked List","2026-07-09","206","97","206","47.1"
"Deletion in Doubly Linked List","2026-07-09","58","50","58","86.2"
"Insertion in Doubly Linked List","2026-07-09","132","60","132","45.5"
"MCQ Practice","2026-07-09","837","584","977","59.8"
"Reversing a Linked List","2026-07-09","120","97","120","80.8"
"Circular Linked List","2026-07-08","678","573","678","84.5"
"Deletion in Doubly Linked List","2026-07-08","224","169","224","75.4"
"Insertion in Doubly Linked List","2026-07-08","120","101","120","84.2"
"MCQ Practice","2026-07-08","921","812","1043","77.9"
"Reversing a Linked List","2026-07-08","206","93","206","45.1"
"Circular Linked List","2026-07-07","256","180","256","70.3"
"Deletion in Doubly Linked List","2026-07-07","576","470","576","81.6"
"Deletion in Linked List","2026-07-07","62","52","62","83.9"
"Insertion in Doubly Linked List","2026-07-07","128","84","128","65.6"
"MCQ Practice","2026-07-07","984","851","1177","72.3"
"MCQ Practice | Two Sum","2026-07-07","60","31","60","51.7"
"Module Quiz-1","2026-07-07","1279","851","1279","66.5"
"Circular Linked List","2026-07-06","111","81","111","73"
"Deletion in Doubly Linked List","2026-07-06","340","261","340","76.8"
"Deletion in Linked List","2026-07-06","134","110","134","82.1"
"Insertion in Doubly Linked List","2026-07-06","212","132","212","62.3"
"Introduction to Doubly Linked List","2026-07-06","132","81","132","61.4"
"MCQ Practice","2026-07-06","905","907","1354","67"
"MCQ Practice | Largest Subarray Sum","2026-07-06","312","205","312","65.7"
"MCQ Practice | Longest Subarray with Sum K","2026-07-06","521","363","521","69.7"
"MCQ Practice | Two Sum","2026-07-06","60","42","60","70"
"Circular Linked List","2026-07-03","167","104","167","62.3"
"Deletion in Doubly Linked List","2026-07-03","367","279","367","76"
"Deletion in Linked List","2026-07-03","196","103","196","52.6"
"Insertion in Doubly Linked List","2026-07-03","416","326","416","78.4"
"Insertion in Linked List","2026-07-03","94","80","94","85.1"
"MCQ Practice","2026-07-03","976","937","1353","69.3"
"Circular Linked List","2026-07-02","47","29","47","61.7"
"Deletion in Doubly Linked List","2026-07-02","60","25","60","41.7"
"Insertion in Doubly Linked List","2026-07-02","247","185","247","74.9"
"Introduction to Doubly Linked List","2026-07-02","152","99","152","65.1"
"MCQ Practice","2026-07-02","1036","1088","1466","74.2"
"MCQ Practice | Largest Subarray Sum","2026-07-02","51","40","51","78.4"
"Circular Linked List","2026-07-01","107","45","107","42.1"
"Deletion in Doubly Linked List","2026-07-01","120","77","120","64.2"
"Insertion in Doubly Linked List","2026-07-01","354","274","414","66.2"
"Introduction to Doubly Linked List","2026-07-01","51","38","51","74.5"
"MCQ Practice","2026-07-01","823","546","934","58.5"
"Deletion in Doubly Linked List","2026-06-29","159","71","159","44.7"
"Deletion in Linked List","2026-06-29","203","153","203","75.4"
"Insertion in Doubly Linked List","2026-06-29","204","154","204","75.5"
"Insertion in Linked List","2026-06-29","190","154","190","81.1"
"Introduction to Doubly Linked List","2026-06-29","476","362","476","76.1"
"MCQ Practice","2026-06-29","966","724","1026","70.6"
"Deletion in Linked List","2026-06-27","488","280","488","57.4"
"Insertion in Doubly Linked List","2026-06-27","60","37","60","61.7"
"Insertion in Linked List","2026-06-27","70","49","70","70"
"Introduction to Doubly Linked List","2026-06-27","315","177","315","56.2"
"MCQ Practice","2026-06-27","223","105","223","47.1"
"Deletion in Doubly Linked List","2026-06-25","47","21","47","44.7"
"Deletion in Linked List","2026-06-25","521","385","521","73.9"
"Insertion in Doubly Linked List","2026-06-25","120","43","120","35.8"
"Insertion in Linked List","2026-06-25","344","259","344","75.3"
"Introduction to Doubly Linked List","2026-06-25","247","169","247","68.4"
"MCQ Practice","2026-06-25","859","605","859","70.4"
"Deletion in Linked List","2026-06-24","635","472","635","74.3"
"Insertion in Doubly Linked List","2026-06-24","47","17","47","36.2"
"Insertion in Linked List","2026-06-24","282","225","282","79.8"
"Introduction to Doubly Linked List","2026-06-24","99","9","99","9.1"
"Introduction to Linked List","2026-06-24","156","118","156","75.6"
"MCQ Practice","2026-06-24","684","415","684","60.7"
"Deletion in Linked List","2026-06-23","307","201","307","65.5"
"Insertion in Linked List","2026-06-23","422","319","422","75.6"
"Introduction to Doubly Linked List","2026-06-23","206","43","206","20.9"
"Introduction to Linked List","2026-06-23","180","120","180","66.7"
"MCQ Practice","2026-06-23","648","504","922","54.7"
"Deletion in Linked List","2026-06-22","206","28","206","13.6"
"Insertion in Linked List","2026-06-22","941","587","941","62.4"
"Introduction to Linked List","2026-06-22","132","61","132","46.2"
"MCQ Practice","2026-06-22","659","428","781","54.8"
"Deletion in Linked List","2026-06-20","107","19","107","17.8"
"Insertion in Linked List","2026-06-20","231","156","231","67.5"
"Introduction to Linked List","2026-06-20","644","448","644","69.6"
"MCQ Practice","2026-06-20","539","324","539","60.1"
"MCQ Practice | Largest Subarray Sum","2026-06-20","60","29","60","48.3"
"MCQ Practice | Two Sum","2026-06-20","70","52","70","74.3"
"Insertion in Linked List","2026-06-19","206","19","206","9.2"
"Introduction to Linked List","2026-06-19","787","534","787","67.9"
"MCQ Practice","2026-06-19","622","376","622","60.5"
"MCQ Practice | Two Sum","2026-06-19","156","121","156","77.6"
"Two Sum","2026-06-19","286","211","286","73.8"
"Introduction to Linked List","2026-06-18","633","274","633","43.3"
"Largest Subarray Sum","2026-06-18","280","172","280","61.4"
"Longest Subarray with Sum K","2026-06-18","70","46","70","65.7"
"MCQ Practice","2026-06-18","282","88","282","31.2"
"MCQ Practice | Longest Subarray with Sum K","2026-06-18","60","32","60","53.3"
"MCQ Practice | Two Sum","2026-06-18","222","172","222","77.5"
"Two Sum","2026-06-18","296","213","296","72"
"Largest Subarray Sum","2026-06-17","450","289","450","64.2"
"Longest Subarray with Sum K","2026-06-17","196","125","196","63.8"
"MCQ Practice | Largest Subarray Sum","2026-06-17","94","72","94","76.6"
"MCQ Practice | Longest Subarray with Sum K","2026-06-17","124","86","124","69.4"
"MCQ Practice | Two Sum","2026-06-17","158","78","158","49.4"
"Two Sum","2026-06-17","633","196","633","31"
"Largest Subarray Sum","2026-06-16","767","243","767","31.7"
"Longest Subarray with Sum K","2026-06-16","512","286","512","55.9"
"MCQ Practice","2026-06-16","64","32","64","50"
"MCQ Practice | Largest Subarray Sum","2026-06-16","94","72","94","76.6"
"MCQ Practice | Longest Subarray with Sum K","2026-06-16","220","124","220","56.4"
"Longest Subarray with Sum K","2026-06-15","1145","355","1145","31"
"MCQ Practice | Largest Subarray Sum","2026-06-15","80","24","80","30"
"MCQ Practice | Longest Subarray with Sum K","2026-06-15","94","45","94","47.9"
"Sliding Window, Two-Pointer Technique","2026-06-15","134","59","134","44"
"MCQ Practice","2026-06-13","417","49","417","11.8"
"MCQ Practice | Largest Subarray Sum","2026-06-13","64","31","64","48.4"
"MCQ Practice | Longest Subarray with Sum K","2026-06-13","234","68","234","29.1"
"Sliding Window, Two-Pointer Technique","2026-06-13","1279","219","1378","15.9"
"MCQ Practice","2026-06-12","590","166","650","25.5"
"MCQ Practice | Longest Subarray with Sum K","2026-06-12","60","27","60","45"
"Prefix Sum","2026-06-12","1279","232","1279","18.1"
"Hashing","2026-06-11","1279","75","1279","5.9"
"MCQ Practice","2026-06-11","756","38","756","5"
